D,alpha,p_accept,quantity_mcmc
10,0.0001,0.875087508750875,1.6199448240724215
10,0.001,0.875087508750875,1.6199456840085926
10,0.01,0.8771877187718772,1.619653019432027
10,0.1,0.44014401440144013,1.621893166483185
10,1.0,0.0,1.0
100,0.0001,0.8704870487048705,1.6116845138221707
100,0.001,0.8762876287628762,1.6167249943898314
100,0.01,0.0,1.0
100,0.1,0.0,1.0
100,1.0,0.0,1.0
